book,author,folder,file,type,text
Riley Dare: Slightly Witchy Sleuth,M.K. England,riley-dare-slightly-witchy-sleuth,01.mp3,title/chapter card,"This is the story of Riley Dare: Slightly Witchy Sleuth, by M.K. England."
Riley Dare: Slightly Witchy Sleuth,M.K. England,riley-dare-slightly-witchy-sleuth,02.mp3,title/chapter card,An escape-room mystery with a flicker of magic.
Riley Dare: Slightly Witchy Sleuth,M.K. England,riley-dare-slightly-witchy-sleuth,03.mp3,story line,"Riley Dare loves puzzles and helps run her aunt's escape room, Level Up, adding a flicker of her own magic."
Riley Dare: Slightly Witchy Sleuth,M.K. England,riley-dare-slightly-witchy-sleuth,04.mp3,story line,"When a famous children's mystery author vanishes during a room themed on the town's biggest unsolved heist, and a ghost may have been spotted, Riley and her friends set out to link the disappearance to a crime from twelve years ago."
Riley Dare: Slightly Witchy Sleuth,M.K. England,riley-dare-slightly-witchy-sleuth,05.mp3,title/chapter card,"At its heart, this is a story about mystery, puzzles and friendship."
Riley Dare: Slightly Witchy Sleuth,M.K. England,riley-dare-slightly-witchy-sleuth,06.mp3,story line,"It's playful, curious and cozy: the kind of book that stays with you after the last page."
Riley Dare: Slightly Witchy Sleuth,M.K. England,riley-dare-slightly-witchy-sleuth,07.mp3,story line,Pick it up if you love escape rooms and puzzles.
Riley Dare: Slightly Witchy Sleuth,M.K. England,riley-dare-slightly-witchy-sleuth,08.mp3,title/chapter card,"How does it end? Open Riley Dare on Penguin, and find out."
The Accidental Protector,Amanda McKinney,the-accidental-protector,01.mp3,title/chapter card,"This is the story of The Accidental Protector, by Amanda McKinney."
The Accidental Protector,Amanda McKinney,the-accidental-protector,02.mp3,title/chapter card,Romantic suspense at a remote security compound.
The Accidental Protector,Amanda McKinney,the-accidental-protector,03.mp3,story line,"After a brutal attack, prosecutor Niki Avery goes into hiding at a remote security compound run by Gage Steele, a former Marine who never wanted to take over his late father's firm."
The Accidental Protector,Amanda McKinney,the-accidental-protector,04.mp3,story line,"As questions about his father's death surface and danger finds Niki again, Gage has to decide how close he can let himself get to the woman he's protecting."
The Accidental Protector,Amanda McKinney,the-accidental-protector,05.mp3,title/chapter card,"At its heart, this is a story about romance, suspense and protection."
The Accidental Protector,Amanda McKinney,the-accidental-protector,06.mp3,story line,"It's romantic, tense and dramatic: the kind of book that stays with you after the last page."
The Accidental Protector,Amanda McKinney,the-accidental-protector,07.mp3,story line,Pick it up if you love romantic suspense.
The Accidental Protector,Amanda McKinney,the-accidental-protector,08.mp3,title/chapter card,"How does it end? Open The Accidental Protector on Penguin, and find out."
God Save the Dork,Sidin Vadukut,god-save-the-dork,01.mp3,title/chapter card,"This is the story of God Save the Dork, by Sidin Vadukut."
God Save the Dork,Sidin Vadukut,god-save-the-dork,02.mp3,title/chapter card,"Corporate comedy, now with jet lag."
God Save the Dork,Sidin Vadukut,god-save-the-dork,03.mp3,story line,"Management consultant Robin 'Einstein' Varghese is sent to London to work on the Lederman account, and very little goes to plan: confusing pay, a colleague who sends mixed signals, museums that seem determined to defeat him, and a client threatening to pull the plug."
God Save the Dork,Sidin Vadukut,god-save-the-dork,04.mp3,story line,The second book in Sidin Vadukut's comic Dork trilogy.
God Save the Dork,Sidin Vadukut,god-save-the-dork,05.mp3,title/chapter card,"At its heart, this is a story about office comedy, culture clash and ambition."
God Save the Dork,Sidin Vadukut,god-save-the-dork,06.mp3,story line,"It's funny, light and satirical: the kind of book that stays with you after the last page."
God Save the Dork,Sidin Vadukut,god-save-the-dork,07.mp3,story line,Pick it up if you enjoy workplace comedy.
God Save the Dork,Sidin Vadukut,god-save-the-dork,08.mp3,title/chapter card,"How does it end? Open God Save the Dork on Penguin, and find out."
What We Did to Survive,Megan Lally,what-we-did-to-survive,01.mp3,title/chapter card,"This is the story of What We Did to Survive, by Megan Lally."
What We Did to Survive,Megan Lally,what-we-did-to-survive,02.mp3,title/chapter card,A spring-break sail turns into a fight to survive.
What We Did to Survive,Megan Lally,what-we-did-to-survive,03.mp3,story line,"Hannah is on spring break in Mexico with her best friend Emmy's family, including Emmy's older brother Jackson, her long-time crush."
What We Did to Survive,Megan Lally,what-we-did-to-survive,04.mp3,story line,"When Emmy's wealthy new boyfriend charters a sailboat for their last day, theirs is the only boat leaving the marina as a storm rolls in, and the danger on board may be as deadly as the weather."
What We Did to Survive,Megan Lally,what-we-did-to-survive,05.mp3,title/chapter card,"At its heart, this is a story about suspense, survival and secrets."
What We Did to Survive,Megan Lally,what-we-did-to-survive,06.mp3,story line,"It's thrilling, tense and dark: the kind of book that stays with you after the last page."
What We Did to Survive,Megan Lally,what-we-did-to-survive,07.mp3,story line,Pick it up if you like fast young adult thrillers.
What We Did to Survive,Megan Lally,what-we-did-to-survive,08.mp3,title/chapter card,"How does it end? Open What We Did to Survive on Penguin, and find out."
Nirmala & Normala,Sowmya Rajendran,nirmala-and-normala,01.mp3,title/chapter card,"This is the story of Nirmala & Normala, by Sowmya Rajendran."
Nirmala & Normala,Sowmya Rajendran,nirmala-and-normala,02.mp3,title/chapter card,A graphic-novel satire of film clichés.
Nirmala & Normala,Sowmya Rajendran,nirmala-and-normala,03.mp3,story line,"Twins separated at birth grow up very differently: one becomes a film heroine, the other an ordinary woman."
Nirmala & Normala,Sowmya Rajendran,nirmala-and-normala,04.mp3,story line,"Sowmya Rajendran's graphic novel, illustrated by Niveditha Subramaniam, uses the setup to skewer the clichés of commercial cinema and to call out the harassment that films often pass off as romance."
Nirmala & Normala,Sowmya Rajendran,nirmala-and-normala,05.mp3,title/chapter card,"At its heart, this is a story about satire, cinema clichés and gender."
Nirmala & Normala,Sowmya Rajendran,nirmala-and-normala,06.mp3,story line,"It's witty, sharp and playful: the kind of book that stays with you after the last page."
Nirmala & Normala,Sowmya Rajendran,nirmala-and-normala,07.mp3,story line,"Pick it up if you love Indian cinema, and laughing at it."
Nirmala & Normala,Sowmya Rajendran,nirmala-and-normala,08.mp3,title/chapter card,"How does it end? Open Nirmala & Normala on Penguin, and find out."
The Hidden Hindu,Akshat Gupta,the-hidden-hindu,01.mp3,title/chapter card,"This is the story of The Hidden Hindu, by Akshat Gupta."
The Hidden Hindu,Akshat Gupta,the-hidden-hindu,02.mp3,title/chapter card,Hindu mythology meets a modern thriller.
The Hidden Hindu,Akshat Gupta,the-hidden-hindu,03.mp3,story line,"Twenty-one-year-old Prithvi is searching for Om Shastri, a mysterious aghori held and questioned at a high-tech facility on an isolated island."
The Hidden Hindu,Akshat Gupta,the-hidden-hindu,04.mp3,story line,"Under hypnosis, Om claims to have lived through all four yugas and taken part in the Ramayana and the Mahabharata, and to be seeking the other immortals."
The Hidden Hindu,Akshat Gupta,the-hidden-hindu,05.mp3,story line,The first book in Akshat Gupta's trilogy.
The Hidden Hindu,Akshat Gupta,the-hidden-hindu,06.mp3,title/chapter card,"At its heart, this is a story about mythology, immortality and mystery."
The Hidden Hindu,Akshat Gupta,the-hidden-hindu,07.mp3,story line,"It's mind-bending, adventurous and epic: the kind of book that stays with you after the last page."
The Hidden Hindu,Akshat Gupta,the-hidden-hindu,08.mp3,story line,Pick it up if you love mythology retold as a thriller.
The Hidden Hindu,Akshat Gupta,the-hidden-hindu,09.mp3,title/chapter card,"How does it end? Open The Hidden Hindu on Penguin, and find out."
Mumbai Confidential,Saurav Mohapatra & Vivek Shinde,mumbai-confidential,01.mp3,title/chapter card,"This is the story of Mumbai Confidential, by Saurav Mohapatra & Vivek Shinde."
Mumbai Confidential,Saurav Mohapatra & Vivek Shinde,mumbai-confidential,02.mp3,title/chapter card,Hard-boiled Mumbai noir in graphic-novel form.
Mumbai Confidential,Saurav Mohapatra & Vivek Shinde,mumbai-confidential,03.mp3,story line,Arjun Kadam was a rising star in Mumbai's encounter squad until the death of his wife sent him spiralling into depression and addiction.
Mumbai Confidential,Saurav Mohapatra & Vivek Shinde,mumbai-confidential,04.mp3,story line,"A hit-and-run leaves him in a month-long coma, and what follows is a hard-boiled story of crime, punishment and redemption in the city's underbelly, told in graphic-novel form."
Mumbai Confidential,Saurav Mohapatra & Vivek Shinde,mumbai-confidential,05.mp3,title/chapter card,"At its heart, this is a story about crime, city noir and redemption."
Mumbai Confidential,Saurav Mohapatra & Vivek Shinde,mumbai-confidential,06.mp3,story line,"It's dark, gritty and intense: the kind of book that stays with you after the last page."
Mumbai Confidential,Saurav Mohapatra & Vivek Shinde,mumbai-confidential,07.mp3,story line,Pick it up if you like hard-boiled crime stories.
Mumbai Confidential,Saurav Mohapatra & Vivek Shinde,mumbai-confidential,08.mp3,title/chapter card,"How does it end? Open Mumbai Confidential on Penguin, and find out."
Rich Dad Poor Dad,Robert T. Kiyosaki,rich-dad-poor-dad,01.mp3,title/chapter card,"This is the story of Rich Dad Poor Dad, by Robert T. Kiyosaki."
Rich Dad Poor Dad,Robert T. Kiyosaki,rich-dad-poor-dad,02.mp3,title/chapter card,Still the number one personal finance book of all time.
Rich Dad Poor Dad,Robert T. Kiyosaki,rich-dad-poor-dad,03.mp3,story line,"Twenty-five years on, Robert Kiyosaki's classic is still ranked the number one personal finance book of all time."
Rich Dad Poor Dad,Robert T. Kiyosaki,rich-dad-poor-dad,04.mp3,story line,"Contrasting the money lessons of his two father figures, it makes the case that financial literacy, not income, is what builds wealth, and this anniversary edition adds updates for today's world."
Rich Dad Poor Dad,Robert T. Kiyosaki,rich-dad-poor-dad,05.mp3,title/chapter card,"At its heart, this is a story about money mindset, financial literacy and entrepreneurship."
Rich Dad Poor Dad,Robert T. Kiyosaki,rich-dad-poor-dad,06.mp3,story line,"It's practical, motivating and accessible: the kind of book that stays with you after the last page."
Rich Dad Poor Dad,Robert T. Kiyosaki,rich-dad-poor-dad,07.mp3,story line,Pick it up if you're new to personal finance.
Rich Dad Poor Dad,Robert T. Kiyosaki,rich-dad-poor-dad,08.mp3,title/chapter card,"How does it end? Open Rich Dad Poor Dad on Penguin, and find out."
Build an Epic Career,Ankur Warikoo,build-an-epic-career,01.mp3,title/chapter card,"This is the story of Build an Epic Career, by Ankur Warikoo."
Build an Epic Career,Ankur Warikoo,build-an-epic-career,02.mp3,title/chapter card,For everyone who is scared of settling for the wrong thing.
Build an Epic Career,Ankur Warikoo,build-an-epic-career,03.mp3,story line,"From the day we're born we're told to settle: finish college, find a job, get married, buy the house."
Build an Epic Career,Ankur Warikoo,build-an-epic-career,04.mp3,story line,"Ankur Warikoo speaks to readers who are scared of settling for the wrong thing, with a practical guide to building a career with money, growth, fulfilment and purpose."
Build an Epic Career,Ankur Warikoo,build-an-epic-career,05.mp3,title/chapter card,"At its heart, this is a story about career growth, self-reflection and purpose."
Build an Epic Career,Ankur Warikoo,build-an-epic-career,06.mp3,story line,"It's practical, motivating and modern: the kind of book that stays with you after the last page."
Build an Epic Career,Ankur Warikoo,build-an-epic-career,07.mp3,story line,Pick it up if you're starting out or switching careers.
Build an Epic Career,Ankur Warikoo,build-an-epic-career,08.mp3,title/chapter card,"How does it end? Open Build an Epic Career on Penguin, and find out."
Atomic Habits,James Clear,atomic-habits,01.mp3,title/chapter card,"This is the story of Atomic Habits, by James Clear."
Atomic Habits,James Clear,atomic-habits,02.mp3,title/chapter card,Why tiny daily changes add up to big results.
Atomic Habits,James Clear,atomic-habits,03.mp3,story line,Habits expert James Clear argues that lasting change doesn't come from one giant leap but from the compound effect of many small choices.
Atomic Habits,James Clear,atomic-habits,04.mp3,story line,"He explains how tiny routines grow into life-changing results, with practical tools such as habit stacking and the two-minute rule, backed by psychology and neuroscience."
Atomic Habits,James Clear,atomic-habits,05.mp3,title/chapter card,"At its heart, this is a story about habits, self-improvement and productivity."
Atomic Habits,James Clear,atomic-habits,06.mp3,story line,"It's practical, motivating and clear: the kind of book that stays with you after the last page."
Atomic Habits,James Clear,atomic-habits,07.mp3,story line,"Pick it up if you want a system, not just motivation."
Atomic Habits,James Clear,atomic-habits,08.mp3,title/chapter card,"How does it end? Open Atomic Habits on Penguin, and find out."
Ikigai,Héctor García & Francesc Miralles,ikigai,01.mp3,title/chapter card,"This is the story of Ikigai, by Héctor García & Francesc Miralles."
Ikigai,Héctor García & Francesc Miralles,ikigai,02.mp3,title/chapter card,The Japanese idea of a reason to get up in the morning.
Ikigai,Héctor García & Francesc Miralles,ikigai,03.mp3,story line,"Ikigai is the Japanese word for a reason to live: the point where your needs, passions, skills and sense of purpose meet."
Ikigai,Héctor García & Francesc Miralles,ikigai,04.mp3,story line,"The book explores how finding it is linked to a longer, happier life, and helps you work out what your own ikigai might be."
Ikigai,Héctor García & Francesc Miralles,ikigai,05.mp3,title/chapter card,"At its heart, this is a story about purpose, wellbeing and longevity."
Ikigai,Héctor García & Francesc Miralles,ikigai,06.mp3,story line,"It's calm, reflective and uplifting: the kind of book that stays with you after the last page."
Ikigai,Héctor García & Francesc Miralles,ikigai,07.mp3,story line,Pick it up if you are looking for more meaning day to day.
Ikigai,Héctor García & Francesc Miralles,ikigai,08.mp3,title/chapter card,"How does it end? Open Ikigai on Penguin, and find out."
Heart Lamp,Banu Mushtaq,heart-lamp,01.mp3,title/chapter card,"This is the story of Heart Lamp, by Banu Mushtaq."
Heart Lamp,Banu Mushtaq,heart-lamp,02.mp3,title/chapter card,Stories of women’s everyday lives in southern India.
Heart Lamp,Banu Mushtaq,heart-lamp,03.mp3,story line,"Translated from the Kannada, these stories capture the everyday lives of women and girls in Muslim communities in southern India, drawing on Banu Mushtaq's years as a journalist and lawyer."
Heart Lamp,Banu Mushtaq,heart-lamp,04.mp3,story line,"They are witty, vivid and moving by turns, full of spirited children, bold grandmothers and mothers carrying more than anyone sees."
Heart Lamp,Banu Mushtaq,heart-lamp,05.mp3,title/chapter card,"At its heart, this is a story about women’s lives, family & community and faith & power."
Heart Lamp,Banu Mushtaq,heart-lamp,06.mp3,story line,"It's moving, witty and vivid: the kind of book that stays with you after the last page."
Heart Lamp,Banu Mushtaq,heart-lamp,07.mp3,story line,Pick it up if you love short stories.
Heart Lamp,Banu Mushtaq,heart-lamp,08.mp3,title/chapter card,"How does it end? Open Heart Lamp on Penguin, and find out."
Can We Be Strangers Again?,Shrijeet Shandilya,can-we-be-strangers-again,01.mp3,title/chapter card,"This is the story of Can We Be Strangers Again?, by Shrijeet Shandilya."
Can We Be Strangers Again?,Shrijeet Shandilya,can-we-be-strangers-again,02.mp3,title/chapter card,"Three college friends, one love story, and a betrayal."
Can We Be Strangers Again?,Shrijeet Shandilya,can-we-be-strangers-again,03.mp3,story line,"Three college friends are bound by laughter, late-night talks and unspoken promises, until two of them fall in love and a betrayal breaks the group apart."
Can We Be Strangers Again?,Shrijeet Shandilya,can-we-be-strangers-again,04.mp3,story line,"As friendships fracture and feelings get tangled, Dev has to decide whether he is willing to risk his heart all over again."
Can We Be Strangers Again?,Shrijeet Shandilya,can-we-be-strangers-again,05.mp3,title/chapter card,"At its heart, this is a story about love, friendship and heartbreak."
Can We Be Strangers Again?,Shrijeet Shandilya,can-we-be-strangers-again,06.mp3,story line,"It's romantic, emotional and bittersweet: the kind of book that stays with you after the last page."
Can We Be Strangers Again?,Shrijeet Shandilya,can-we-be-strangers-again,07.mp3,story line,Pick it up if you love college romances.
Can We Be Strangers Again?,Shrijeet Shandilya,can-we-be-strangers-again,08.mp3,title/chapter card,"How does it end? Open Can We Be Strangers Again? on Penguin, and find out."
Mother Mary Comes to Me,Arundhati Roy,mother-mary-comes-to-me,01.mp3,title/chapter card,"This is the story of Mother Mary Comes to Me, by Arundhati Roy."
Mother Mary Comes to Me,Arundhati Roy,mother-mary-comes-to-me,02.mp3,title/chapter card,"Arundhati Roy’s memoir of her mother, and of becoming a writer."
Mother Mary Comes to Me,Arundhati Roy,mother-mary-comes-to-me,03.mp3,story line,"Shaken by the death of the mother she ran away from at eighteen, Arundhati Roy began this memoir: an intimate account of their relationship and of how she became the person and the writer she is, from the author of The God of Small Things."
Mother Mary Comes to Me,Arundhati Roy,mother-mary-comes-to-me,04.mp3,title/chapter card,"At its heart, this is a story about mothers & daughters, memory and becoming a writer."
Mother Mary Comes to Me,Arundhati Roy,mother-mary-comes-to-me,05.mp3,story line,"It's intimate, powerful and reflective: the kind of book that stays with you after the last page."
Mother Mary Comes to Me,Arundhati Roy,mother-mary-comes-to-me,06.mp3,story line,Pick it up if you loved The God of Small Things.
Mother Mary Comes to Me,Arundhati Roy,mother-mary-comes-to-me,07.mp3,title/chapter card,"How does it end? Open Mother Mary Comes to Me on Penguin, and find out."
The Art of Letting Go,Nick Trenton,the-art-of-letting-go,01.mp3,title/chapter card,"This is the story of The Art of Letting Go, by Nick Trenton."
The Art of Letting Go,Nick Trenton,the-art-of-letting-go,02.mp3,title/chapter card,Quiet an overthinking mind and find your calm.
The Art of Letting Go,Nick Trenton,the-art-of-letting-go,03.mp3,story line,"If your mind never switches off, this book is about clearing the clutter."
The Art of Letting Go,Nick Trenton,the-art-of-letting-go,04.mp3,story line,"Nick Trenton offers psychology-based tips to stop dwelling on the past or worrying about a future that may never happen, manage your self-talk, and get back to a sense of inner peace."
The Art of Letting Go,Nick Trenton,the-art-of-letting-go,05.mp3,title/chapter card,"At its heart, this is a story about overthinking, emotional calm and self-talk."
The Art of Letting Go,Nick Trenton,the-art-of-letting-go,06.mp3,story line,"It's calming, practical and reassuring: the kind of book that stays with you after the last page."
The Art of Letting Go,Nick Trenton,the-art-of-letting-go,07.mp3,story line,Pick it up if you tend to overthink.
The Art of Letting Go,Nick Trenton,the-art-of-letting-go,08.mp3,title/chapter card,"How does it end? Open The Art of Letting Go on Penguin, and find out."
Thank You for Leaving,Rithvik Singh,thank-you-for-leaving,01.mp3,title/chapter card,"This is the story of Thank You for Leaving, by Rithvik Singh."
Thank You for Leaving,Rithvik Singh,thank-you-for-leaving,02.mp3,title/chapter card,Poems for people who feel everything deeply.
Thank You for Leaving,Rithvik Singh,thank-you-for-leaving,03.mp3,story line,"A collection of poems for people who feel everything deeply: those who overthink, over-love and still believe in kindness."
Thank You for Leaving,Rithvik Singh,thank-you-for-leaving,04.mp3,story line,"Rithvik Singh writes about heartbreak, letting go and the privilege of feeling emotions intensely."
Thank You for Leaving,Rithvik Singh,thank-you-for-leaving,05.mp3,title/chapter card,"At its heart, this is a story about heartbreak, letting go and love."
Thank You for Leaving,Rithvik Singh,thank-you-for-leaving,06.mp3,story line,"It's tender, emotional and hopeful: the kind of book that stays with you after the last page."
Thank You for Leaving,Rithvik Singh,thank-you-for-leaving,07.mp3,story line,Pick it up if you love modern poetry.
Thank You for Leaving,Rithvik Singh,thank-you-for-leaving,08.mp3,title/chapter card,"How does it end? Open Thank You for Leaving on Penguin, and find out."
The Housemaid,Freida McFadden,the-housemaid,01.mp3,title/chapter card,"This is the story of The Housemaid, by Freida McFadden."
The Housemaid,Freida McFadden,the-housemaid,02.mp3,title/chapter card,A live-in job that looks like a fresh start. It isn’t.
The Housemaid,Freida McFadden,the-housemaid,03.mp3,story line,"Desperate for a fresh start, Millie takes a live-in job cleaning the Winchesters’ beautiful home and looking after their daughter."
The Housemaid,Freida McFadden,the-housemaid,04.mp3,story line,"But Nina Winchester’s behaviour is strange, her husband seems more broken by the day, and the house is hiding more than it lets on."
The Housemaid,Freida McFadden,the-housemaid,05.mp3,title/chapter card,"At its heart, this is a story about suspense, secrets and twists."
The Housemaid,Freida McFadden,the-housemaid,06.mp3,story line,"It's thrilling, dark and addictive: the kind of book that stays with you after the last page."
The Housemaid,Freida McFadden,the-housemaid,07.mp3,story line,Pick it up if you love twisty page-turners.
The Housemaid,Freida McFadden,the-housemaid,08.mp3,title/chapter card,"How does it end? Open The Housemaid on Penguin, and find out."
The Courage to Be Disliked,Ichiro Kishimi & Fumitake Koga,the-courage-to-be-disliked,01.mp3,title/chapter card,"This is the story of The Courage to Be Disliked, by Ichiro Kishimi & Fumitake Koga."
The Courage to Be Disliked,Ichiro Kishimi & Fumitake Koga,the-courage-to-be-disliked,02.mp3,title/chapter card,"How to free yourself, change your life and find happiness."
The Courage to Be Disliked,Ichiro Kishimi & Fumitake Koga,the-courage-to-be-disliked,03.mp3,story line,"Told as a conversation between a philosopher and a young man, this Japanese bestseller introduces the ideas of psychologist Alfred Adler: that we are not defined by our past, and that the courage to live freely, even at the risk of being disliked, is the path to real happiness."
The Courage to Be Disliked,Ichiro Kishimi & Fumitake Koga,the-courage-to-be-disliked,04.mp3,title/chapter card,"At its heart, this is a story about freedom, happiness and relationships."
The Courage to Be Disliked,Ichiro Kishimi & Fumitake Koga,the-courage-to-be-disliked,05.mp3,story line,"It's thought-provoking, calm and challenging: the kind of book that stays with you after the last page."
The Courage to Be Disliked,Ichiro Kishimi & Fumitake Koga,the-courage-to-be-disliked,06.mp3,story line,Pick it up if you like ideas explained through dialogue.
The Courage to Be Disliked,Ichiro Kishimi & Fumitake Koga,the-courage-to-be-disliked,07.mp3,title/chapter card,"How does it end? Open The Courage to Be Disliked on Penguin, and find out."
12 Rules for Life,Jordan B. Peterson,12-rules-for-life,01.mp3,title/chapter card,"This is the story of 12 Rules for Life, by Jordan B. Peterson."
12 Rules for Life,Jordan B. Peterson,12-rules-for-life,02.mp3,title/chapter card,Twelve principles for a life of responsibility and meaning.
12 Rules for Life,Jordan B. Peterson,12-rules-for-life,03.mp3,story line,Clinical psychologist Jordan B.
12 Rules for Life,Jordan B. Peterson,12-rules-for-life,04.mp3,story line,"Peterson draws on his practice and on lessons from humanity’s oldest myths and stories to offer twelve principles to live by, aimed at helping readers take responsibility and build a meaningful life."
12 Rules for Life,Jordan B. Peterson,12-rules-for-life,05.mp3,title/chapter card,"At its heart, this is a story about responsibility, meaning and psychology."
12 Rules for Life,Jordan B. Peterson,12-rules-for-life,06.mp3,story line,"It's direct, challenging and reflective: the kind of book that stays with you after the last page."
12 Rules for Life,Jordan B. Peterson,12-rules-for-life,07.mp3,story line,Pick it up if you want big-picture life principles.
12 Rules for Life,Jordan B. Peterson,12-rules-for-life,08.mp3,title/chapter card,"How does it end? Open 12 Rules for Life on Penguin, and find out."
The Let Them Theory,Mel Robbins,the-let-them-theory,01.mp3,title/chapter card,"This is the story of The Let Them Theory, by Mel Robbins."
The Let Them Theory,Mel Robbins,the-let-them-theory,02.mp3,title/chapter card,Inspiring self-help.
The Let Them Theory,Mel Robbins,the-let-them-theory,03.mp3,story line,"Two words, “Let them”, to stop spending your energy on other people’s opinions and drama, and take back control of your own life."
The Let Them Theory,Mel Robbins,the-let-them-theory,04.mp3,story line,It's inspiring: the kind of book that stays with you after the last page.
The Let Them Theory,Mel Robbins,the-let-them-theory,05.mp3,title/chapter card,"How does it end? Open The Let Them Theory on Penguin, and find out."
The Anxious Generation,Jonathan Haidt,the-anxious-generation,01.mp3,title/chapter card,"This is the story of The Anxious Generation, by Jonathan Haidt."
The Anxious Generation,Jonathan Haidt,the-anxious-generation,02.mp3,title/chapter card,Mind-bending and inspiring non-fiction.
The Anxious Generation,Jonathan Haidt,the-anxious-generation,03.mp3,story line,How the shift from a play-based to a phone-based childhood between 2010 and 2015 rewired adolescence and fuelled a rise in teenage anxiety.
The Anxious Generation,Jonathan Haidt,the-anxious-generation,04.mp3,story line,It's mind-bending and inspiring: the kind of book that stays with you after the last page.
The Anxious Generation,Jonathan Haidt,the-anxious-generation,05.mp3,title/chapter card,"How does it end? Open The Anxious Generation on Penguin, and find out."
It's Okay . . .,Jaya Kishori,its-okay,01.mp3,title/chapter card,"This is the story of It's Okay . . ., by Jaya Kishori."
It's Okay . . .,Jaya Kishori,its-okay,02.mp3,title/chapter card,Cozy and inspiring spirituality · self-help.
It's Okay . . .,Jaya Kishori,its-okay,03.mp3,story line,"Spiritual speaker Jaya Kishori’s gentle reminder that everyone has problems, with advice for handling stress and living a more meaningful life."
It's Okay . . .,Jaya Kishori,its-okay,04.mp3,story line,It's cozy and inspiring: the kind of book that stays with you after the last page.
It's Okay . . .,Jaya Kishori,its-okay,05.mp3,title/chapter card,"How does it end? Open It's Okay . . . on Penguin, and find out."
The Correspondent,Virginia Evans,the-correspondent,01.mp3,title/chapter card,"This is the story of The Correspondent, by Virginia Evans."
The Correspondent,Virginia Evans,the-correspondent,02.mp3,title/chapter card,Emotional and cozy literary fiction.
The Correspondent,Virginia Evans,the-correspondent,03.mp3,story line,"Told entirely in letters: Sybil Van Antwerp, a 73-year-old retired lawyer and keen gardener, writes to family, authors, neighbours and strangers about friendship, grief and second chances."
The Correspondent,Virginia Evans,the-correspondent,04.mp3,story line,It's emotional and cozy: the kind of book that stays with you after the last page.
The Correspondent,Virginia Evans,the-correspondent,05.mp3,title/chapter card,"How does it end? Open The Correspondent on Penguin, and find out."
The Fourth Girl,Arefa Tehsin,the-fourth-girl,01.mp3,title/chapter card,"This is the story of The Fourth Girl, by Arefa Tehsin."
The Fourth Girl,Arefa Tehsin,the-fourth-girl,02.mp3,title/chapter card,Thrilling and dark mystery thriller.
The Fourth Girl,Arefa Tehsin,the-fourth-girl,03.mp3,story line,"Twenty years after a mysterious disappearance, three survivors are reunited at a funeral in Colombo, just as a journalist starts asking what happened to the fourth girl."
The Fourth Girl,Arefa Tehsin,the-fourth-girl,04.mp3,story line,It's thrilling and dark: the kind of book that stays with you after the last page.
The Fourth Girl,Arefa Tehsin,the-fourth-girl,05.mp3,title/chapter card,"How does it end? Open The Fourth Girl on Penguin, and find out."
One of Us Is Lying,Karen M. McManus,one-of-us-is-lying,01.mp3,title/chapter card,"This is the story of One of Us Is Lying, by Karen M. McManus."
One of Us Is Lying,Karen M. McManus,one-of-us-is-lying,02.mp3,title/chapter card,Thrilling young adult thriller.
One of Us Is Lying,Karen M. McManus,one-of-us-is-lying,03.mp3,story line,"Simon, creator of Bayview High’s gossip app, dies the day before he can post his classmates’ secrets, and everyone who was in detention with him is a suspect."
One of Us Is Lying,Karen M. McManus,one-of-us-is-lying,04.mp3,story line,It's thrilling: the kind of book that stays with you after the last page.
One of Us Is Lying,Karen M. McManus,one-of-us-is-lying,05.mp3,title/chapter card,"How does it end? Open One of Us Is Lying on Penguin, and find out."
The Inheritance Games,Jennifer Lynn Barnes,the-inheritance-games,01.mp3,title/chapter card,"This is the story of The Inheritance Games, by Jennifer Lynn Barnes."
The Inheritance Games,Jennifer Lynn Barnes,the-inheritance-games,02.mp3,title/chapter card,Adventurous and thrilling young adult mystery.
The Inheritance Games,Jennifer Lynn Barnes,the-inheritance-games,03.mp3,story line,"An eccentric billionaire leaves almost his entire fortune to Avery, a stranger."
The Inheritance Games,Jennifer Lynn Barnes,the-inheritance-games,04.mp3,story line,"To find out why, she moves into his mansion of puzzles and codes, and into a deadly game with his family."
The Inheritance Games,Jennifer Lynn Barnes,the-inheritance-games,05.mp3,story line,It's adventurous and thrilling: the kind of book that stays with you after the last page.
The Inheritance Games,Jennifer Lynn Barnes,the-inheritance-games,06.mp3,title/chapter card,"How does it end? Open The Inheritance Games on Penguin, and find out."
The Vegetarian,Han Kang,the-vegetarian,01.mp3,title/chapter card,"This is the story of The Vegetarian, by Han Kang."
The Vegetarian,Han Kang,the-vegetarian,02.mp3,title/chapter card,Dark and mind-bending fiction in translation.
The Vegetarian,Han Kang,the-vegetarian,03.mp3,story line,"After recurring nightmares, Yeong-hye stops eating meat, and her quiet rebellion shocks her family and spirals into something stranger."
The Vegetarian,Han Kang,the-vegetarian,04.mp3,story line,"A disturbing, beautiful novel from the Nobel laureate."
The Vegetarian,Han Kang,the-vegetarian,05.mp3,story line,It's dark and mind-bending: the kind of book that stays with you after the last page.
The Vegetarian,Han Kang,the-vegetarian,06.mp3,title/chapter card,"How does it end? Open The Vegetarian on Penguin, and find out."
At Night All Blood Is Black,David Diop,at-night-all-blood-is-black,01.mp3,title/chapter card,"This is the story of At Night All Blood Is Black, by David Diop."
At Night All Blood Is Black,David Diop,at-night-all-blood-is-black,02.mp3,title/chapter card,Dark and emotional fiction in translation.
At Night All Blood Is Black,David Diop,at-night-all-blood-is-black,03.mp3,story line,A Senegalese soldier fighting for France in the First World War loses his closest friend in the trenches and slides towards violence and madness.
At Night All Blood Is Black,David Diop,at-night-all-blood-is-black,04.mp3,story line,International Booker Prize winner.
At Night All Blood Is Black,David Diop,at-night-all-blood-is-black,05.mp3,story line,It's dark and emotional: the kind of book that stays with you after the last page.
At Night All Blood Is Black,David Diop,at-night-all-blood-is-black,06.mp3,title/chapter card,"How does it end? Open At Night All Blood Is Black on Penguin, and find out."
My First Sudha Murty Stories,Sudha Murty,my-first-sudha-murty-stories,01.mp3,title/chapter card,"This is the story of My First Sudha Murty Stories, by Sudha Murty."
My First Sudha Murty Stories,Sudha Murty,my-first-sudha-murty-stories,02.mp3,title/chapter card,Cozy children’s · ages 5+.
My First Sudha Murty Stories,Sudha Murty,my-first-sudha-murty-stories,03.mp3,story line,"A full-colour treasury of Sudha Murty’s best-loved stories, full of magic, memorable characters and warmth, for children just discovering the joy of reading."
My First Sudha Murty Stories,Sudha Murty,my-first-sudha-murty-stories,04.mp3,story line,It's cozy: the kind of book that stays with you after the last page.
My First Sudha Murty Stories,Sudha Murty,my-first-sudha-murty-stories,05.mp3,title/chapter card,"How does it end? Open My First Sudha Murty Stories on Penguin, and find out."
Wild Next Door,Arefa Tehsin,wild-next-door,01.mp3,title/chapter card,"This is the story of Wild Next Door, by Arefa Tehsin."
Wild Next Door,Arefa Tehsin,wild-next-door,02.mp3,title/chapter card,Adventurous children’s nature.
Wild Next Door,Arefa Tehsin,wild-next-door,03.mp3,story line,"Grab a magnifying glass: a guide to the surprising creatures in your own home and garden, from hornets and termites to fireflies, skinks and a fish that seems to walk."
Wild Next Door,Arefa Tehsin,wild-next-door,04.mp3,story line,It's adventurous: the kind of book that stays with you after the last page.
Wild Next Door,Arefa Tehsin,wild-next-door,05.mp3,title/chapter card,"How does it end? Open Wild Next Door on Penguin, and find out."
The Naga Warriors 2,Akshat Gupta,the-naga-warriors-2,01.mp3,title/chapter card,"This is the story of The Naga Warriors 2, by Akshat Gupta."
The Naga Warriors 2,Akshat Gupta,the-naga-warriors-2,02.mp3,title/chapter card,Adventurous and dark mythological fiction.
The Naga Warriors 2,Akshat Gupta,the-naga-warriors-2,03.mp3,story line,"The battle for Gokul: warrior sadhus stand against Ahmad Shah Abdali as Krishna, the mysterious Adhiraj and the nameless Naga face their fate."
The Naga Warriors 2,Akshat Gupta,the-naga-warriors-2,04.mp3,story line,From the author of The Hidden Hindu.
The Naga Warriors 2,Akshat Gupta,the-naga-warriors-2,05.mp3,story line,It's adventurous and dark: the kind of book that stays with you after the last page.
The Naga Warriors 2,Akshat Gupta,the-naga-warriors-2,06.mp3,title/chapter card,"How does it end? Open The Naga Warriors 2 on Penguin, and find out."
